DELETE FROM customer;
INSERT INTO customer (ID, CREATIONTIME, UPDATETIME, VERSION, FIRSTNAME, LASTNAME, EMAIL, PHONE) VALUES
  (1, TIMESTAMP '2017-10-10 08:45:56.468', TIMESTAMP '2017-10-10 08:45:56.468', 0, 'Rui', 'Ferrão', 'mail@gmail.com',
   '777888'),
  (2, TIMESTAMP '2017-10-10 08:45:56.481', TIMESTAMP '2017-10-10 08:45:56.481', 0, 'Sergio', 'Gouveia',
   'mail@gmail.com', '777888'),
  (3, TIMESTAMP '2017-10-10 08:45:56.482', TIMESTAMP '2017-10-10 08:45:56.482', 0, 'Bruno', 'Ferreira',
   'mail@gmail.com', '777888'),
  (4, TIMESTAMP '2017-10-10 08:45:56.482', TIMESTAMP '2017-10-10 08:45:56.482', 0, 'No Accounts', 'No name',
   'mail@gmail.com', '777888');

DELETE FROM account;
INSERT INTO account (ACCOUNT_TYPE, ID, CREATIONTIME, UPDATETIME, VERSION, BALANCE, CUSTOMER_ID) VALUES
  ('CheckingAccount', 1, TIMESTAMP '2017-10-10 10:18:53.819', TIMESTAMP '2017-10-10 10:22:58.578', 2, 100.0, 1),
  ('SavingsAccount', 2, TIMESTAMP '2017-10-10 10:23:02.194', TIMESTAMP '2017-10-10 10:23:19.801', 1, 50.5, 1),
  ('CheckingAccount', 3, TIMESTAMP '2017-10-10 14:30:37.769', TIMESTAMP '2017-10-10 14:30:43.042', 1, 10.0, 2),
  ('SavingsAccount', 4, TIMESTAMP '2017-10-10 14:30:38.426', TIMESTAMP '2017-10-10 14:30:46.471', 1, 150.0, 2),
  ('CheckingAccount', 5, TIMESTAMP '2017-10-10 14:30:37.769', TIMESTAMP '2017-10-10 14:30:43.042', 1, 0.0, 3),
  ('CheckingAccount', 6, TIMESTAMP '2017-10-10 14:30:38.426', TIMESTAMP '2017-10-10 14:30:46.471', 1, 0.0, 3),
  ('CheckingAccount', 7, TIMESTAMP '2017-10-10 14:30:37.769', TIMESTAMP '2017-10-10 14:30:43.042', 1, 20.5, NULL);

DELETE FROM recipient;
INSERT INTO recipient (ID, CREATIONTIME, UPDATETIME, VERSION, ACCOUNTNUMBER, NAME, EMAIL, DESCRIPTION, PHONE, CUSTOMER_ID)
VALUES
  (1, TIMESTAMP '2017-10-10 08:45:56.468', TIMESTAMP '2017-10-10 08:45:56.468', 1, 3, 'Sergio Gouveia',
   'sergio@gmail.com', 'My colleague Sergio from A/C', '777888', 1),
  (2, TIMESTAMP '2017-10-10 08:45:56.468', TIMESTAMP '2017-10-10 08:45:56.468', 1, 5, 'Bruno Ferreira',
   'bruno@gmail.com', 'My colleague Bruno from A/C', '777888', 1);

INSERT INTO user (ID, CREATIONTIME, UPDATETIME, VERSION, NAME, PASSWORD, CUSTOMER_ID)
VALUES (1, TIMESTAMP '2017-10-10 08:45:56.468', TIMESTAMP '2017-10-10 08:45:56.468', 1, 'ferrao', '$2a$11$00PMgPr6rdT5WK7MN6.MJ.54b8kbfT4/oSZz0g0ORLUC.U1Jd1F1K', 1);

INSERT INTO user (ID, CREATIONTIME, UPDATETIME, VERSION, NAME, PASSWORD, CUSTOMER_ID)
VALUES (2, TIMESTAMP '2017-10-10 08:45:56.468', TIMESTAMP '2017-10-10 08:45:56.468', 1, 'sergio', '$2a$11$qO1bS1SbgHjeW6HwkfPW3OHAE.v8JaxMGG17y8D35W7NcpD/I9qOW', 2);


INSERT INTO role (ID, CREATIONTIME, UPDATETIME, VERSION, NAME)
VALUES (1, TIMESTAMP '2017-10-10 08:45:56.468', TIMESTAMP '2017-10-10 08:45:56.468', 1, 'ROLE_ADMIN'),
  (2, TIMESTAMP '2017-10-10 08:45:56.468', TIMESTAMP '2017-10-10 08:45:56.468', 1, 'ROLE_USER');

INSERT INTO user_role (user_id, role_id) VALUES (1, 1), (1, 2);
INSERT INTO user_role (user_id, role_id) VALUES (2, 2);
